atome_1,atome_2,distance,icohp-up,icohp-down
Li2,O68,2.08799,-0.42664,-0.41365
Li3,O77,2.0724,-0.42456,-0.4153
Ni49,O111,2.05518,-0.50182,-0.82449
Mn40,O68,1.93108,-1.1617,-1.4617
Mn37,O96,1.95141,-1.10665,-1.37601
Li2,O106,2.03992,-0.4378,-0.43612
Ni51,O113,2.06657,-0.46165,-0.77667
Ni52,O83,2.07562,-0.45528,-0.76033
Li2,O116,2.08853,-0.41472,-0.40193
Mn47,O69,1.93984,-1.16045,-1.44143
Mn47,O109,1.92811,-1.18383,-1.48264
Mn42,O90,1.93024,-1.16746,-1.46386
Ni58,O81,1.89901,-1.06336,-1.08248
Mn39,O75,1.94412,-1.13912,-1.42356
Li2,O76,2.07794,-0.43192,-0.42052
Ni53,O81,1.91021,-0.65162,-1.19847
Ni56,O84,1.88624,-1.05145,-1.15555
Mn46,O98,1.94403,-1.14174,-1.42378
Ni55,O83,1.88783,-1.02147,-1.1461
Ni60,O96,1.88533,-1.10418,-1.10586
Mn45,O86,1.94442,-1.1418,-1.41153
Ni50,O112,2.06182,-0.49364,-0.81334
Mn44,O62,1.95061,-1.12205,-1.40742
Ni53,O92,2.03139,-0.48778,-0.89391
Li4,O108,2.07385,-0.4341,-0.42219
Ni56,O64,1.90875,-0.98938,-1.10417
Mn42,O120,1.93373,-1.1715,-1.4564
Ni58,O111,1.88821,-1.0835,-1.10925
Mn48,O110,1.92947,-1.17839,-1.47691
Li1,O67,2.09276,-0.41554,-0.40229
Mn39,O67,1.93074,-1.16881,-1.46492
Mn38,O106,1.95559,-1.09683,-1.36258
Ni55,O94,2.04751,-0.54594,-0.86629
Li1,O115,2.10418,-0.39834,-0.38475
Ni60,O83,1.89787,-1.06394,-1.09515
Ni53,O111,1.94181,-0.5871,-1.13198
Mn41,O100,1.94579,-1.13881,-1.4123
Ni58,O64,1.90323,-1.08138,-1.09574
Ni54,O112,1.93854,-0.59182,-1.13577
Li4,O87,2.08651,-0.42191,-0.41179
Mn48,O77,1.94644,-1.12963,-1.41111
Ni57,O63,1.90819,-1.06633,-1.08094
Ni52,O74,2.04152,-0.5357,-0.83677
Mn40,O76,1.94526,-1.12449,-1.40982
Ni50,O102,2.04533,-0.53456,-0.83378
Mn39,O117,1.93812,-1.16089,-1.44581
Li6,O100,2.09328,-0.41763,-0.40993
Mn48,O100,1.94301,-1.14803,-1.42786
Mn47,O99,1.94208,-1.15017,-1.43004
Ni59,O74,2.09657,-0.44638,-0.77023
Mn46,O115,1.93604,-1.15307,-1.43554
Ni55,O103,2.03382,-0.54104,-0.87272
Li5,O79,2.04031,-0.43867,-0.4263
Mn39,O107,1.93977,-1.15611,-1.43763
Ni51,O65,2.0523,-0.51896,-0.82023
Mn42,O110,1.93997,-1.1569,-1.43772
Li4,O78,2.0746,-0.42745,-0.41542
Ni52,O94,2.0289,-0.52709,-0.86546
Mn37,O73,1.96415,-1.09574,-1.34328
Mn46,O108,1.92987,-1.17704,-1.4738
Mn43,O61,1.94953,-1.12433,-1.41334
Ni58,O71,1.9025,-1.07367,-1.08995
Li4,O70,2.07563,-0.42055,-0.40965
Mn45,O116,1.92601,-1.17454,-1.48386
Mn40,O108,1.94071,-1.15426,-1.4325
Ni54,O102,2.02874,-0.49041,-0.90259
Mn43,O91,1.94779,-1.15296,-1.44648
Ni50,O92,2.04185,-0.53285,-0.83912
Mn38,O116,1.95017,-1.12845,-1.39204
Mn38,O66,1.95332,-1.1102,-1.36762
Ni52,O66,2.07726,-0.47337,-0.75726
Ni57,O103,1.85728,-1.16535,-1.17558
Li3,O117,2.0863,-0.42048,-0.40811
Mn46,O75,1.94526,-1.14191,-1.42544
Li3,O107,2.08286,-0.42441,-0.41333
Mn43,O101,1.92385,-1.19281,-1.5152
Li2,O96,2.04149,-0.42848,-0.4263
Ni50,O64,2.03972,-0.5228,-0.82875
Ni60,O73,1.89072,-1.0894,-1.10423
Li1,O75,2.09717,-0.41017,-0.40173
Li4,O118,2.09062,-0.4153,-0.40241
Mn41,O89,1.92941,-1.17098,-1.47276
Mn48,O117,1.93218,-1.1608,-1.45519
Li1,O105,2.06271,-0.44066,-0.4356
Mn40,O118,1.93465,-1.17559,-1.46233
Ni51,O73,2.05565,-0.49782,-0.789
Ni55,O63,1.91095,-0.9835,-1.10773
Ni49,O71,2.04223,-0.51564,-0.82581
Ni51,O93,2.01936,-0.52588,-0.88302
Mn45,O76,1.94892,-1.12256,-1.4011
Ni49,O101,2.0449,-0.53094,-0.83426
Mn42,O78,1.94433,-1.13439,-1.41946
Ni56,O114,1.92921,-0.90553,-1.06857
Mn46,O85,1.93052,-1.17022,-1.46734
Li3,O97,2.07275,-0.42601,-0.41438
Ni52,O114,2.05582,-0.50809,-0.8265
Ni53,O61,1.88717,-0.6638,-1.32773
Mn37,O85,1.94095,-1.15261,-1.42966
Mn37,O115,1.92294,-1.21168,-1.50407
Li5,O119,2.10527,-0.4101,-0.39676
Mn39,O87,1.93106,-1.17191,-1.47107
Mn39,O98,1.94682,-1.13412,-1.40967
Ni55,O113,1.90907,-0.95303,-1.10856
Mn48,O87,1.93903,-1.15106,-1.43502
Mn37,O65,1.91207,-1.22075,-1.58049
Ni51,O103,2.05021,-0.50476,-0.82517
Li6,O80,2.04139,-0.43707,-0.42459
Ni59,O84,1.93095,-0.8916,-1.05424
Ni53,O101,2.03004,-0.48859,-0.90024
Ni50,O72,2.03474,-0.52659,-0.84035
Mn41,O77,1.94494,-1.13461,-1.41604
Li6,O120,2.10561,-0.41224,-0.39829
Mn41,O69,1.93136,-1.16826,-1.46294
Mn37,O105,1.9359,-1.20056,-1.49105
Ni49,O91,2.0442,-0.52472,-0.83416
Li2,O85,2.0843,-0.42446,-0.41191
Li6,O110,2.09567,-0.41602,-0.40774
Mn48,O70,1.94051,-1.15777,-1.4379
Mn42,O70,1.93126,-1.16894,-1.46735
Ni56,O104,2.03933,-0.52083,-0.8641
Li1,O95,2.05838,-0.43717,-0.42937
Li5,O109,2.09509,-0.41563,-0.40646
Ni60,O106,1.86971,-1.13944,-1.1391
Mn38,O86,1.91621,-1.22839,-1.53058
Ni54,O82,1.91255,-0.64965,-1.19079
Ni60,O66,1.87482,-1.13077,-1.13862
Li5,O99,2.09324,-0.41647,-0.40943
Ni49,O63,2.04181,-0.51266,-0.8228
Mn44,O92,1.9467,-1.1529,-1.44725
Mn38,O74,1.92312,-1.2065,-1.54899
Ni58,O104,1.85498,-1.16967,-1.18485
Li6,O89,2.0943,-0.40531,-0.3973
Ni56,O72,1.94204,-0.86404,-1.03539
Mn44,O102,1.9239,-1.19362,-1.51755
Mn41,O119,1.93353,-1.17065,-1.45924
Ni58,O94,1.86436,-1.15998,-1.17452
Ni60,O113,1.89231,-1.06594,-1.09887
Ni57,O93,1.87195,-1.14712,-1.16464
Ni55,O71,1.93813,-0.89559,-1.04683
Mn40,O88,1.9299,-1.17731,-1.47678
Li3,O69,2.07804,-0.42224,-0.41135
Ni54,O62,1.8873,-0.66365,-1.32824
Ni59,O114,1.89713,-0.99119,-1.11888
Mn46,O68,1.9416,-1.15057,-1.42907
Mn41,O109,1.94104,-1.15261,-1.43497
Ni52,O104,2.04135,-0.49502,-0.83754
Ni50,O81,2.05656,-0.50595,-0.82657
Li4,O98,2.07886,-0.41783,-0.40849
